OBJECTID,NUM,SITE_NUM,NAME,SUP_DISTRICT,SHAPEAREA,SHAPELEN
2,204-157-752,2012,Russell Moe Landfill,"3, 5",2165330.66786,6624.595836
3,114-117-550,1949,Gladding McBean Dump,3,448791.56432,3035.853919
4,054-197-404,1889,Cal Compact LF/Metro 2000,2,7352564.54825,12231.683028
5,084-157-446,1946,General Tile,2,848635.00067,3980.914743
6,084-157-442,1897,Centinela Ave Dump,2,1036129.28752,4192.380859
7,084-197-452,2027,Southeastern Disposal & By-Products,4,310508.02851,2322.375862
8,084-197-458,1962,Huntington Park City Dump,4,7814.16958,313.760706
9,084-237-489,1953,Guirardo Dump,4,7814.16795,313.760673
10,024-157-119,525,Chandler's Palos Verdes Sand,4,6269650.13021,10532.796635
11,024-197-360,1963,Imperial Carson Mobile Home Park,2,1083345.56807,5766.751087
12,024-197-340,1965,Johns-Manville Co,2,8973067.83349,12283.462803
13,054-197-127,2010,Royal Blvd Land Reclamation Site,2,316935.3745,3462.945873
14,054-157-385,2035,Tobias Dump #2,2,7814.16776,313.760669
15,054-197-393,1907,Compton City Landfill,"2, 4",859500.24206,3950.711889
16,054-197-400,1883,BKK - Carson Public Dump,2,14589523.198,16096.836392
17,054-237-424,2009,Rosecrans Ave / Woodruff Ave Dump,4,7814.16767,313.760667
18,084-197-451,2024,Slavonian Picnic Landfill,2,1047517.04707,4269.703028
19,084-197-936,1880,B.H. Steepleton,4,7814.16884,313.760691
20,084-237-487,2029,State of CA Highway Road Maintenance,4,100578.3398,1441.031365
21,054-157-136,1976,Landfill Associates,4,391806.79546,2914.430174
22,054-197-914,2008,Rose Williams Landfill,2,1161930.22061,4374.059122
23,054-197-417,2013,S. C. Evans,2,1501639.65557,4883.616716
24,054-197-396,1941,Gardena Valley #1 & #2,2,1522225.7422,5990.847094
26,084-197-455,1894,CalTrans - South Gate #2,4,976979.15981,6622.331319
27,084-197-460,1893,CalTrans - South Gate #1,4,7814.16457,313.760605
28,994-197-125,2040,US Naval Base Terminal Island,4,34999800.50476,55326.49483
29,024-197-361,1890,California By-Products Dump,2,412618.78218,3341.769854
30,024-197-351,2023,Signal Hill Solid Fill 367,4,7814.17194,313.760753
31,144-157-012,2037,Toyon Canyon Park Reclamation Project,5,4954780.50341,9262.487648
32,144-277-670,1878,Azusa City - Municipal Dump,1,7814.17085,313.760731
33,024-157-024,1998,Palos Verdes Landfill,4,12966721.65648,16122.669327
34,024-197-139,2055,Weissker Herman Inc,4,7814.17086,313.760731
35,054-197-395,1942,Gardena Valley #5 (Golden Eagle),2,681544.87192,3881.347063
36,054-197-924,2045,Vermont Avenue Dump,2,133008.91156,1460.134474
37,054-197-912,1996,P&J Artukovitoh Inc #2,2,354024.00689,2350.121779
38,054-197-399,2028,Southwest Conservation District Landfill,2,1934043.52348,5893.921398
39,054-197-921,1868,Alameda & Del Amo Street Dump,2,7814.16831,313.76068
40,084-197-462,1891,CalTrans - Leonard Flynn Site #17,2,1047734.0417,4269.726498
41,084-197-456,2005,Purex Rubbish Disposal Co.,4,7814.16738,313.760662
42,084-197-453,2057,Wilmington Avenue Dump,4,7814.17166,313.760748
44,054-157-382,2007,Redondo Beach Municipal Dump,"2, 4",1039356.05349,4066.137183
46,054-197-408,2011,"Rullo, J",4,521490.84024,2996.556558
47,084-197-457,1865,121 Street and Budlong Avenue Dump,2,7814.1642,313.760598
48,084-197-937,2034,System Disposal Service Co.,4,7814.16848,313.760684
49,084-237-480,2053,Waste Disposal Inc,4,788456.83482,3609.298062
50,024-197-359,1943,Gardena Valley #6 (Ford Center),2,765426.93649,4220.203443
51,024-197-341,2021,Shell Oil Co,2,7814.16795,313.760673
55,054-197-406,2054,Weber Avenue Dump,2,7814.17086,313.760731
56,054-197-008,1908,Compton Solid Waste Disposal Site,2,748687.91055,3939.638483
57,054-237-422,1969,Kalico #3 - Norwalk Dump #3,4,209161.25131,2190.152009
58,054-237-428,1914,Dairy Valley Reclamation,4,686194.52393,3752.864884
59,084-157-438,1911,County Parks and Recreation Dump,2,7814.16739,313.760662
60,084-197-059,2025,South Gate Solid Fill,4,687082.53358,4588.530959
61,084-237-483,1937,Futernick Dump,4,576590.26394,3688.079278
62,054-157-379,1915,Daley & Daley Trailer Camp Dump,2,7814.17222,313.760759
63,054-197-911,1910,Cortland Avenue Dump,4,256954.68789,2020.4302
64,054-237-114,1991,Norwalk Dump Company,4,588968.24671,3119.915124
65,054-237-421,1968,Kalico #2 - Neville Chemical,4,1034407.22236,4521.648846
66,084-157-439,1931,Eric N. Samuelson,2,7814.16739,313.760662
67,054-157-381,2036,Torrance Municipal Dump,4,1692038.72698,5208.849301
68,084-237-486,1920,Downey Dump,4,722424.16042,3421.869138
69,084-237-485,1974,"LA By-Products, Norwalk Blvd Pit",4,508832.35588,3155.285575
70,024-157-333,2003,Plaza Del Amo Landfill,4,7814.16739,313.760662
71,024-197-358,1870,Alameda Street Landfill,2,2701989.23529,6935.497521
72,024-197-016,1938,Gaffey St Landfill,4,406812.13941,3103.090611
73,144-237-053,1901,City of Pasadena Landfill,1,7814.16795,313.760673
74,024-157-334,1997,Palos Verdes Estates City Landfill,4,7814.16767,313.760667
75,024-197-357,1956,Hardwick's Disposal Pit,2,594655.05728,3191.79803
76,024-197-353,1926,Ecology Auto Wrecking,4,1294939.07245,5361.28278
77,054-157-380,1964,Inglewood and 156th,2,7814.16986,313.760711
78,054-197-915,2014,San Carlos Street Dump,2,363112.85937,2372.565891
79,054-197-920,2038,U.S. Navy Dump,2,285599.76153,2359.32543
82,084-197-461,1978,Leslie Cantrell,4,7814.16776,313.760669
83,084-237-476,1898,Chapin Road Landfill,1,7814.16795,313.760673
84,054-157-384,1906,Coleman Dump,2,7814.16583,313.760631
85,054-197-913,1995,P&J Artukovitoh Inc #1,2,768143.31417,3725.686605
86,054-197-413,1958,Harry Wind Dump,2,7814.17274,313.760769
87,144-237-001,1899,City of Alhambra Landfill,1,7814.17222,313.760759
90,174-237-729,1877,Atwood & Purcell Landfill,5,272685.26206,2291.876483
92,42150101,1,"Antelope Valley Recycling and Disposal, UNIT 1",5,8060763.83635,13540.177049
93, 264-077-102,7,Chiquita Canyon Landfill,5,25802712.51013,22105.721493
94,42150110,1844,Azusa Land Reclamation (Class III),1,12985649.68965,17108.696175
95, 144-277,1264,United Rock Products Pit No.  1,1,8325609.78939,15652.947305
96,024-157-337,1955,Harbor Hills,4,7814.16832,313.76068
97,42150110,2,Azusa Land Reclamation (Inert),1,12986753.68474,17110.131503
98,084-237-941,1919,Dominic Castro Dump,4,7814.16583,313.76063
99,084-237-470,1945,General Petroleum Dump,4,7814.16457,313.760605
100,084-237-478,1888,Burke Street Dump,4,196082.45264,2264.864963
101,114-197-571,1934,First Street Dumping Co.,1,194700.93018,1770.567153
103,114-237-112,1993,"Operating Industries, Inc.",1,10533402.82484,17004.704787
104,144-117-284,2030,Stone Canyon Resevoir - Department of Water and Power,3,242152.96045,1958.857829
105,144-277-663,1872,American Cyanamid Dump,1,2369592.92712,6715.987001
106,144-277-669,2042,Valley Park Corp Dump,5,1309245.01149,5565.253825
107,144-317-682,2015,San Dimas Community Dump,5,129878.55664,1560.596264
108,144-317-679,2050,Walnut Creek Dump,5,7814.1642,313.760598
109,144-277-664,1985,Mead Wrecking Co. #313,5,7814.16795,313.760673
110,144-317-965,1952,Gray's Dump,5,7814.16776,313.760669
111,144-317-685,2051,Walnut Street,5,7814.16493,313.760612
112,174-157-701,1887,Branford Landfill,3,7155095.43431,12642.101762
113,174-157-106,1961,Hewitt Pit,3,5425542.71179,9252.018879
115,384-997-993,1950,Gorman Dump,5,7814.16831,313.76068
116, ,11,Pebbly Beach Disposal Site,4,334261.07139,2461.643111
117, ,564,Lower Azusa Reclamation,"1, 5",3649636.25911,9221.753242
118,144-277,12,Peck Road Gravel Pit (Inert),"1, 5",3663960.35432,8305.670093
119,024-197-353,1954,Guzman Ortega,4,1298180.10088,5361.270009
120,054-237-426,1999,Paramount Dump,4,65314.54479,1379.090982
121,084-237-475,1923,East Los Angeles Airport,1,7814.17158,313.760746
122,084-237-488,1939,Gage Avenue Dump,4,581309.06699,3641.773704
123,084-237-940,1922,East Cabral Dump,4,7814.1717,313.760748
124,084-237-471,2049,W. C. Hardisty,4,7814.16831,313.76068
125,114-117-554,1902,City Of Santa Monica Landfill #2,3,231847.53824,1987.469013
126,114-197-572,1975,Lacy Street / La City Ave 26 & Figueroa,1,7814.17222,313.760759
127,114-237-595,1884,Blanchard Street Dump,1,1183381.73182,4553.549465
128,114-317-622,2041,Valley Land Development Company,1,4146027.10439,9226.117235
129,144-237-661,2026,South Pasadena City Dump,5,7814.17222,313.760759
130,144-277-673,1895,Canyon Park Dump / Rancho Duarte Golf Course,5,2540694.60409,6889.922189
131,144-317-686,1866,McDonald's Dump,5,454855.88545,3058.088994
132,114-317-025,21,Spadra Sanitary Landfill #2,1,13939292.99469,17566.439452
133, ,1064,Cal-Mat Reliance Pit 2 (up to 2005),1,3904286.7279,8249.88039
134, ,64,"Nu-Way Arrow Reclamation, Inc. (2006+)",1,2800833.07839,7084.17133
135, ,6,Calabasas Landfill,3,21778226.90227,25368.681056
136, ,17,San Clemente Landfill,4,674615.89207,3233.941451
137, ,1848,Sunshine Canyon City Landfill -- UNIT 1,"3, 5",20961944.01944,21736.668771
138, ,1845,Calabasas Landfill -- CLASS I,3,21778133.84447,25368.387207
139, ,18,Savage Canyon Landfill,4,5719519.35919,12044.085046
140, ,84,Sunshine Canyon City Landfill -- UNIT 2,"3, 5",20961944.01944,21736.668771
141, ,588,Vulcan Materials (Sun Valley),5,5442305.86856,10430.727721
142,324-197-833,1874,Antelope Rubbish,5,7814.16902,313.760694
143,084-157-441,1864,106th Street Dump,2,6484860.69137,10118.940039
144,084-117-435,2043,Venice Dump Disposal Site,2,1672516.81082,7086.905653
145, 174-157-,3,Bradley Landfill West & West Extension,5,9084482.33409,13944.5067
146,144-117-026,1988,Mission Canyon #8,3,38937560.14555,36960.817826
147,084-237-472,1918,Dice Road Disposal Site,4,7814.16746,313.760663
148,114-157-567,1960,Hetzler Landfill,2,7814.16298578979,313.760573366
149,43150132,2145,Vail Street Dump,"1, 4",1299926.71266,4679.218962
150,144-237-607,1933,Fields and Arcon,1,7814.1642,313.760598
151,114-237-605,1928,El Monte Pit Disposal Site,1,7814.16583,313.76063
152,144-157-133,2039,Universal City Industrial Waste Disposal Facility,5,213269.21878,1761.307626
153,054-157,2144,U.S. Steel Corp Dump,4,4370369.53503,8378.138088
154,43150146,2146,Livingston-Graham Duarte Disposal Site,1,141390.4048,1610.341752
155,43150144,2147,Livingston-Graham Inc.,5,302552.53178,4520.139557
156,054-197-397,1944,Gardena Valley Dump #4 - Alpine Village,2,1599627.28094,5010.555029
157,054-197-398,2056,Werdin Dump,2,425317.57801,3436.008765
159,084-237-148,1873,Ameron Landfill,4,729793.4629,5012.455872
160,114-157-566,1913,Culver City Dump,2,1723921.38698,5212.269217
161,114-237-600,2059,Yasuda Dump,1,633224.21228,3342.587857
162,114-317-624,1912,Covina City Landfill,1,7814.16584,313.760631
163, ,4,Brand Park Landfill,5,1100391.53182,4758.427361
164, 144-277,567,United Rock Products Pit No. 2,1,8325609.78939,15652.947305
165,174-157-708,1980,Lockheed Aircraft,5,7814.16739,313.760662
168,054-237-420,1967,Kalico #1 - Neville Chemical,4,509912.83719,2902.025342
169,114-117-548,2044,Venturino Santa Monica 405,3,62153.22668,1183.772459
170,114-197-585,1984,Mary Bezayiff,1,73113.14124,1137.113542
171,114-237-593,2006,Ramona Land Reclamation Area,1,2040892.0558,6188.471796
172,114-237-606,1983,Martin Litwin Dump,1,7814.1642,313.760598
173,024-197-350,2019,Sepulveda Blvd and Vermont,2,7814.16775,313.760669
174,144-197-644,1970,Kellogg Ave Dump,5,7814.16832,313.76068
175,144-277-671,1879,Azusa City - Van Tassel Canyon,1,7814.16795,313.760673
176,144-317-126,1989,Monrovia Nursery,1,27631.39837,665.959102
178,174-157-707,2048,Victory-Vineland Landfill AKA Target 294,5,737906.61528,3533.883388
179,174-157-704,1916,De Garmo Pit Landfill,5,98420.16406,1262.396346
180,084-237-479,1973,LA By-Products,4,223765.47687,2081.826611
181,42150118,15,Two Harbors Landfill,4,7814.16775,313.760669
182,354-237-100,9,Lancaster Landfill,5,11954968.65639,18724.426212
183, 054-197-407,524,Atkinson Brick Company,2,2595969.30706,9143.600994
184, ,565,Montebello Land and Water Company,1,287885.18286,3528.017071
185, ,1065,"Nu-Way Arrow Reclamation, Inc. (up to 2005)",1,2800833.07839,7084.17133
186, ,566,Strathern Sanitary Landfill,3,2695836.58389,6757.567561
187, ,1846,Calabasas Landfill -- CLASS II,3,21777696.05834,25368.999725
188,084-237-468,1947,George F. Casey Disposal Site,4,7814.16795,313.760673
189,054-237-425,1972,Kobra Dump,4,315514.1437,2677.438295
191,114-237-594,1905,Cogen Dump,1,2111853.15658,5816.239384
192,114-237-604,1900,Monterey Park City Dump,1,7814.16422,313.760598
193,114-277-614,1881,Bassett School Property,1,1022642.19778,4013.422159
194,144-197-643,1951,Grand Central Airport,5,7814.17169,313.760748
195,144-27-135,1982,Manning Brothers Class III Landfill,1,1538663.16302,4979.755053
196,144-277-672,1981,Longden Ave Disposal Site,1,2302532.94368,7284.92107
198,144-277-666,1875,Arcadia City Dump,5,7814.16582606247,313.760630365091
200,174-237-727,1986,Millard Canyon Dump,5,7814.16795,313.760673
201,42043010,23,Lopez Canyon Sanitary Landfill,5,14678471.84748,19034.405179
202,144-317-969,1930,Elmer Teague,5,2527.4401,181.715789
203,42150101,1044,"Antelope Valley Recycling and Disposal, UNIT 2",5,8060763.83631,13540.177049
204,114-197-583,1882,Bishop Canyon,1,1360005.89809,5216.838194
206,114-197-581,1869,Alameda Street,4,7814.17113,313.760737
207,114-237-602,1892,CalTrans - Rosemead Disposal Site,1,7814.17113,313.760737
208,114-357-626,2004,Pomona City Dump #1,1,70169.96511,1073.958193
209, ,14,Cal-Mat Reliance Pit 2 (2006+),1,3904286.7279,8249.88039
210, ,22,Sunshine Canyon County Landfill,5,26336821.98379,22786.217561
211,174-157-011,2020,Sheldon Arleta Landfill,3,1971224.24323,5489.218199
212,174-237-728,1971,Kelly Dump,5,431374.32435,2669.728076
213,234-117-772,1927,Eddie Hanks Mud Sump,5,7814.16796,313.760673
214,114-157-563,2017,San Vincente,3,7814.17166,313.760748
215,144-197-586,2031,Sunol Dump 382,1,476228.98634,2824.288541
216,114-197-573,1977,Learida's Dump,4,1138668.54126,4486.121615
217,114-237-599,2018,Security Company,1,7814.16739,313.760662
218,114-237-601,1867,Agajanian Dump,1,7814.16745,313.760663
219,114-277-113,16,BKK - Sanitary Landfill,1,24855313.7887,21827.931829
220,024-197-342,1876,"Ascon Construction, Inc.",4,7814.17142,313.760743
221,144-117-026,1987,Mission Canyon #4-7,3,38937572.17576,36960.817778
222,144-237-662,2022,Sierra Madre City Dump,5,7814.16767,313.760667
223,144-277-120,1909,Irwindale Disposal Site,1,15346119.25506,23764.148459
224,144-277-109,1871,Alpha Pit,1,223619.54026,2003.909119
225,144-237-108,1994,Osborn Construction,5,1603530.25123,5366.349225
226,144-277-056,2016,San Marion City Dump,1,13722.52774,457.624089
227,144-277-121,1992,"Nu-Way Industries, Inc.",1,4839000.05132,11585.199117
228,144-357-688,1903,Claremont Colleges Disposal Site,5,3174198.76755,7604.067405
229, ,1524,Sunshine Canyon City/County Landfill,"3, 5",47299085.6084,34988.150659
230, 144-277,526,Hanson Aggregates,"1, 5",21950787.17814,22205.685533
231, ,1066,Nu-Way Live Oak Reclamation (up to 2005),1,2746372.77122,6944.235463
232, ,10,Nu-Way Live Oak Reclamation (2006+),1,2746372.77122,6944.235463
233, ,5,"City of Burbank Landfill, UNIT 3",5,1200552.71828,4904.173452
234, 114-277,13,Puente Hills Landfill,"1, 4",59655304.30404,44009.883282
235,054-197-405,1940,Gardena City Dump,2,309840.84528,2340.958428
236,42160394,2149,Wilco Dump,4,443625.04713,2817.836417
237, ,1847,"City of Burbank Landfill, UNIT 1and 2",5,2161303.05982,9071.209215
239,44103081,2148,L.A. County Flood Control Sawpit,5,1409392.52369,5375.702373
240,43101022,2150,30th Street East Pit,5,811988.40954,3878.258694
241,42102026,2154,Mission Canyon #1-3,3,21576997.25454,39670.929783
242,,2152,Three Points Dump Site,5,7814.69634,313.772047
243,,2199,Air Force Plant #42,5,7818.22899,313.859516
244,43101023,2151,Quartz Hill Solid Waste Disposal,5,895207.79118,4253.305624
245,43043281,2155,Rose Hills Landfill,1,410581.64811,2840.355212
246,,2156,Juma Ranch Dump Site,3,7814.16885,313.760691
247, ,19,Scholl Canyon Landfill,"1, 5",19067246.68658,19471.107513
248,144-277-667,1957,Harold Simpson Disposal Site,"1, 5",352991.62204,2501.865617
321,024-237-373,1924,East Willow Street and Temple Avenue Dump,4,7814.17194,313.760753
322,,2157,Alhambra Dump,1,7814.1642,313.760598
324,   ,2159,Bennett Murray Brine Sump,5,7807.70035,313.712209
325,,2160,Chevron USA - El Segundo Refinery,2,7814.1642,313.760598
326,,2161,Gentry Brothers,1,100814.34883,1331.18674
327,,2162,H.M. Guenser,4,345402.91518,2817.691162
328,,2184,Torrance Sump,4,267384.93331,2055.701409
329, ,2185,Scholl Canyon (Inactive),"1, 5",19067246.68658,19471.107513
331,,2188,Tobias Avenue Disposal Site,4,7814.16794,313.760673
332,084-157-443,2187,120th Street Dump,2,354115.40348,2799.706983
333,144-317-683,2189,San Dimas 490,5,7814.16775,313.760669
334,084-237-482,2190,Bethlehem Steel Dump #1,4,447756.08733,2692.861153
335,084-197-935,2191,Fluor Corporation Disposal Site,4,7814.16739,313.760662
336,084-157-444,2192,CalTrans - Site 16,2,7814.1674,313.760662
641,054-197-388,2193,Southern California Disposal,2,1023043.57368,4432.776683
642,,2194,Linda Way Dump,5,7814.16795,313.760673
643,,2195,Otto Benedict Dump,4,342383.42527,2536.135628
645,,2197,Meachtlen Ranch,5,7814.16775,313.760669
646,114-277-612,2198,"Valley Land Development Co, Inc.",1,8018973.3714,13273.5495
962,,2200,Otto Benedict Dump #2,4,636173.89436,3525.938829
963,,2201,Hawthorne Canyon Landfill,4,378550.60791,2742.658966
964,,2202,Rose Hills Disposal Site,4,7814.16795,313.760673
965,,2203,General Disposal Co.,4,7814.16767,313.760667
966,,2204,155th Street Disposal Site,5,7818.22899,313.859516
968,,2153,77th Street Dump Site,5,7814.69634,313.772047
969,054-237,2205,Thomas Wetzel,4,7814.16767,313.760667
970,,2206,Compton Disposal Site,2,7814.16767,313.760667
971,,2207,Pratty Disposal Site,4,7814.16767,313.760667
972,,2208,L.A. County Road Department Dump #3,5,7818.22899,313.859516
973,144-317-680,2209,La Verne City Dump,1,2042042.97449,6132.001263
974,,2210,CE Adams,1,7814.16583,313.76063
975,144-317,1935,Walnut Avenue & Arrow Highway,5,732444.39138,3721.685232
976,114-277-613,2212,Marwood St & Turnbull Canyon Road,1,7814.17113,313.760737
1282,,2214,Pomona Tile Company,1,363608.48977,3031.407967
1283,,2215,Rancho Las Virgenes,3,7814.16884,313.760691
1284,024-237-372,2216,City of Signal Hill Landfill,4,7814.17194,313.760753
1285,084-157-445,2217,RG Simmons Estate,2,7814.1674,313.760662
1286, 174-157-,124,Bradley Landfill East,5,9084459.90826,13944.555093
1288,054-157-383,2219,Green Hog Ranch,4,1102271.0688,4131.000546
1289,024-157,2218,South Torrance Dump,4,547694.88968,3583.920592
1290,084-237,2220,Blanche Teeter,4,7814.16794,313.760673
1291,144-357,2222,Hallwood Avenue Disposal Site,1,7814.16583,313.760631
1292,084-157,2223,Salvage Corp,4,7814.16739,313.760662
1293,084-157,2221,Refuse Transfer Point Disposal Site,2,7814.16739,313.760662
1294,084-237,2224,Rivera Road 345,4,7814.16795,313.760673
1295,144-317-681,2225,Glendora City Dump #247,5,404755.8457,2625.228592
1296,234-117-773,2226,Bill Small's Mud Sump,5,7814.16795,313.760673
1601,054-237,2227,Norwalk Dump #1,4,7814.16767,313.760667
1602,144-277,2228,Wigwam Avenue Dump,5,7814.17169,313.760748
1603,024-157,2229,"Disposal Gardens, Inc.",4,7814.16767,313.760667
1604,084-237-473,2230,Meyer Martin,4,7814.16457,313.760605
1605,084-237,2231,Santa Clarita Sanitary,4,7814.16457,313.760605
1606,054-237,2232,Crosby and Overton,4,7814.17275,313.760769
1607,054-237,2233,Monsanto - Long Beach,4,7814.17274,313.760769
1608,024-237-374,2234,City Dump and Salvage #1 &# 3,4,2820906.63675,8209.917747
1610,024-237-375,2235,City Dump and Salvage #2,4,386011.83411,2932.025243
1611,024-237-377,2236,City Dump and Salvage,4,374665.90013,3531.964335
1612,114-117,2237,Veteran's Administration Disposal Site,3,7814.17166,313.760748
1613,084-197-459,2238,A.V. Hohn Dump,4,2925981.4738,7291.328409
1614,204-077,2239,Highlands Development Company,,7814.16739,313.760662
1615,054-157,2240,Hermosa Beach Landfill,2,7814.16986,313.760711
1616,114-117-544,2241,Beverly Hills Dump,3,674231.50068,3833.904984
1921,084-157-440,2242,Standard Oil Co. Landfill,2,7814.16421,313.760598
1922,084-237,2243,Martin Blair Rock Quarry,4,7814.16795,313.760673
1923,144-277,2244,Goldring Dump Landfill,5,7814.16583,313.76063
1924,144-277,2245,Sunburst Decorative Rock Landfill,1,31480.78602,889.848108
1925,144-277,2246,Mary C. Jones,5,7814.16583,313.76063
1926,144-277,2247,West Valley base - Security Paving,"1, 5",3663960.35432,8305.670093
1927,054-197-910,2248,Vermont Avenue & Knox Street Dump,2,261377.39314,2085.576075
1928,054-197-403,2249,Broadway - Main Landfill,2,119687.87681,1647.900644
1929,054-197-410,2250,L.A. County Sanitation District 1 Landfill #1,2,131426.672,1526.51575
1930,054-197,2251,Don Dominguez Apartments,2,204553.34225,1872.749061
1931,054-197,2252,Brown Dump,2,310329.39027,2702.858941
1933,054-197-919,2253,Martin Hallerman Dump,2,7814.16831,313.76068
1935,054-197-916,2255,Katz Dump,2,70033.33155,1076.55779
2241,054-197-128,2256,Shell Chemical Corporation - Carson #1,2,186572.59726,1859.038734
2244,054-197-412,2257,Mor-Glo Paint and Licquer Co.,2,73693.09942,1108.162543
2245,054-197,2258,Koerner,2,41773.44717,819.677415
2246,054-197,2259,Karron Solid Waste,2,177489.49735,1796.925412
2247,054-197,2260,Dominguez Dump,2,7814.17136,313.760741
2248,054-197,2261,Southwest Steel Rolling Mill,2,30400.8875,761.045561
2562,054-157,2046,Sunnyglen Construction Company,4,239621.94007,2037.983504
2897,,8,Commerce Refuse-to-Energy Facility,4,7814.17222,313.760759
2898,,20,Southeast Resource Recovery Facility,4,7814.17222,313.760759
2899,,125,MISSION ROAD RECYCLING & TRANSFER STATION,1,7814.16957,313.760706
2900,,164,Alhambra Roll-Off Bin Transfer Station,1,7814.16796,313.760673
2901,,165,American Remedial Technologies,4,7814.17113,313.760737
2902,,167,"Angelus Western Paper Fibers, Inc.",1,7814.16775,313.760669
2903,,168,Athens Services,1,7814.1717,313.760748
2904,,169,Bel-Art Waste Transfer Station,4,7814.16456,313.760605
2905,,176,City Terrace Recycling Transfer Station,1,7814.16795,313.760673
2906,,178,Cordova Construction Services,3,7814.16847,313.760684
2907,,179,Puente Hills Materials Recovery Facility,1,7814.1642,313.760598
2908,,180,South Gate Transfer Station,4,7814.17113,313.760737
2909,,181,Downey Area Recycling & Transfer Station,4,7814.16767,313.760667
2910,,182,Allied/BFI Waste System of North America,2,7814.16583,313.76063
2911,,183,Culver City Transfer & Recycling Center,2,7814.16775,313.760669
2912,,184,Downtown Diversion,1,7814.16493,313.760612
2913,,185,East Los Angeles Recycling & Transfer Station,1,7814.16796,313.760673
2914,,187,Grand Central Recycling & Transfer Station,1,7814.1642,313.760598
2915,,193,PUBLIC SERVICE TRANSFER STATION #2,4,7814.16884,313.760691
2916,,205,Silverlake Maintenance Station,1,7814.1642,313.760598
2917,,207,Waste Management South Gate Transfer Station,4,7814.16804,313.760675
2918,,208,Southern California Disposal Company,3,7814.16831,313.76068
2919,,209,Bay West Refuse Removal Service,2,7814.16795,313.760673
2920,,212,L. McNamee Disposal,2,7814.1642,313.760598
2921,,213,"SRS, Inc.",2,7814.17142,313.760743
2922,,214,Waste Management  - L.A. Metro,2,7814.16611,313.760636
2923,,215,Ace Roll-Off,4,7814.1642,313.760598
2924,,216,Ancon Environmental Service Inc.,2,7814.16795,313.760673
2925,,217,"Universal Waste System, Inc. - Franchise",4,7814.16421,313.760598
2926,,218,A & B Disposal Service,1,7814.17194,313.760753
2927,,221,Valley Vista,1,7814.1642,313.760598
2928,,222,Claremont Department of Community Services,5,7814.17222,313.760759
2929,,224,General Waste Disposal,4,7814.16796,313.760673
2930,,226,Waste Management - Lancaster,5,7814.16847,313.760684
2931,,228,Pomona Municipal Direct Transfer Facility,1,7814.1662,313.760638
2932,,229,"Burrtec Waste Industries, Inc. - Fontana ",,7814.17169561456,313.760748208533
2933,,230,Triangle Services,1,7814.16619,313.760638
2934,,231,"Arrow Disposal Services, Inc.",1,7814.17222,313.760759
2935,,232,Waste Management - San Gabriel,1,7814.1701,313.760716
2936,,233,"Arakelian Enterprises, Inc.",1,7814.1717,313.760748
2937,,234,Waste Management/Blue Barrel,5,7814.16775,313.760669
2938,,237,RJL Rent-A-Bin,3,7814.17142,313.760743
2939,,238,"Hobbs & Son, Inc.",,7814.16958,313.760706
2940,,241,Atlas Consolidated Service,5,7814.1642,313.760598
2941,,242,"Randfam, Inc./Rent-A-Bin",3,7814.16421,313.760598
2942,,246,"AAA Rubbish, Inc.",4,7814.16493478976,313.760612461878
2943,,247,"Goodwill Disposal Company,  Inc.",1,7814.16796,313.760673
2944,,248,Serv-Wel Disposal Service/Rent-A-Bin,1,7814.16884,313.760691
2945,,249,S & H Disposal,1,7814.16421,313.760598
2946,,252,Liberty Disposal Service,2,7814.16739,313.760662
2947,,253,G & B Rubbish Service,1,7814.16776,313.760669
2948,,254,BEVERLY WILSHIRE REFUSE REM. COMPANY,3,7814.16775,313.760669
2949,,258,Haul Away Rubbish,1,7814.17114,313.760737
2950,,265,"Key Disposal, Inc.",1,7814.16795,313.760673
2951,,268,Try R-Disposal Service,1,7814.16958,313.760706
2952,,271,A M Disposal,4,7814.16958,313.760706
2953,,272,City of Whittier,4,7814.16847,313.760684
2954,,276,L & S Disposal,4,7814.16796,313.760673
2955,,277,Burbank Public Works,5,7814.16847,313.760684
2956,,281,Edco Waste Service - Long Beach,4,7814.16832,313.76068
2957,,282,"Heritage Disposal, Inc.",1,7814.16457,313.760605
2959,,307,Edco Waste Service - Buena Park,,7814.16848,313.760684
2960,,308,Beverly Hills Dept. of Public Works,3,7814.16582,313.76063
2961,,313,Murk Bros. Disposal,"1, 4",7814.1642,313.760598
2962,,315,"Mountainside Disposal, Inc.",,7814.16775,313.760669
2963,,318,A Big C Disposal Service,2,7814.16739,313.760662
2964,,319,Waste Management - Compton,2,7814.1642,313.760598
2965,,321,Looney Bins/Spaccarelli Hauling,5,7814.16582,313.76063
2966,,323,"Benz Sanitation, Inc.",,7814.16795,313.760673
2967,Hauler,324,Waste & Recycling Service,4,7814.16619,313.760638
2968,,327,"Burrtec Waste Industries, Inc. - Saugus",5,7814.1642,313.760598
2969,,330,"Southern California Environmental, Inc.",1,7814.16421,313.760598
2970,,333,"Direct Disposal, Inc.",1,7814.1642,313.760598
2971,,334,Canyon Rubbish Disposal Service,3,7814.16766,313.760667
2972,,335,Quality Waste Service,1,7814.16494,313.760612
2973,,336,Roll-Offs 4 Less,3,7814.1642,313.760598
2974,,338,"Interior Removal Specialist, Inc.",4,7814.1693,313.7607
2975,,341,"Advance Waste System, Inc.",2,7814.1642,313.760598
2976,,342,"California Waste Services, LLC",2,7814.17142,313.760743
2977,,343,Anderson Rubbish Disposal,,7814.16775,313.760669
2978,,364,"Allied/BFI Waste Systems, Compton",2,7814.1642,313.760598
2979,,365,Waste Management Carson Transfer Station,2,7814.16796,313.760673
2980,,366,Central LA Recycling Center & Transfer Station,1,7814.16795,313.760673
2981,,368,Waste Resources Recovery,2,7814.17086,313.760731
2982,,369,East Valley Diversion,5,7814.16582,313.76063
2983,,385,Southern CA Disposal Co. Recycling & Trans. Sta.,3,7814.1642,313.760598
2984,,386,Rob's Roll-Off & Recycling,2,7814.1642,313.760598
2985,,406,Sun Valley Paper Stock MRF & TS,5,7814.1642,313.760598
2986,,447,Calmet Services,4,7814.17114,313.760737
2987,,448,Rob's Roll-Off & Recycling,2,7814.1642,313.760598
2988,,449,United Pacific Waste - Franchise,4,7814.16457,313.760605
2989,,450,"Commercial Waste Service, Inc.",1,7814.1642,313.760598
2990,,452,Southland Disposal Co.,1,7814.17113,313.760737
2991,,454,West Coast Waste Roll Off Service,2,7814.1701,313.760716
2992,,455,Reduce Price Disposal,"3, 5",7814.16796,313.760673
2993,,461,"Waste Resources, Inc.",2,7814.17178,313.76075
2994,,462,S & S Disposal Services,1,7814.1701,313.760716
2995,,467,"Cordova Construction Services, Inc.",3,7814.16847,313.760684
2996,,468,"Apex Waste Systems, Inc.",4,7814.16847,313.760684
2997,,3004,Azusa Transfer and MRF,1,7814.16794700326,313.760672938137
2998,,584,Prima Deshecha Sanitary Landfill,,7814.16847,313.760684
2999,,585,Olinda Alpha Sanitary Landfill,,7814.16584,313.760631
3000,,587,Frank R. Bowerman Sanitary Landfill,,7814.16795,313.760673
3001,,604,Earlimart Transfer Station,,7814.16494,313.760612
3002,,624,"Allied/BFI Waste Systems, Falcon",4,7814.1674,313.760662
3003,,664,Allan Company - Baldwin Park,1,7814.16795,313.760673
3004,,705,El Sobrante Landfill,,7814.16795,313.760673
3005,,707,"Santa Clara Organics, LLC",,7814.16583,313.760631
3006,,708,Viramontes Express,,7814.16795,313.760673
3007,,709,CVT Regional Material Recovery & TS,,7814.16421,313.760598
3009,,730,Consolidated Disposal Service - GDD (Long Beach),4,7814.16957,313.760706
3010,,731,Allied Waste Services - Gardena,2,7814.16456,313.760605
3011,,744,Direct Disposal C & D Recycling,1,7814.1642,313.760598
3012,,764,Mission Road Recycling & Transfer Station,1,7814.1642,313.760598
3013,,784,Rancho Las Virgenes Composting Facility,3,7814.1642,313.760598
3014,,804,"A & A Waste & Rolloff Services, Inc.",2,7814.17222,313.760759
3015,,944,"Tehachapi Recycling, Inc.",,7814.16958,313.760706
3016,,964,East Street Maint. District Yard,1,7814.16848,313.760684
3017,,965,Granada Hills Street Maint. District Yard,3,7814.16457,313.760605
3018,,966,Southwest Street Maint. District Yard,2,7814.16901,313.760694
3019,,967,Van Nuys Street Maint. District Yard,3,7814.16767,313.760667
3020,,984,Griffith Park Compost Facility,5,7814.16457,313.760605
3021,,1024,Del Norte Regional Recycling & Transfer,,7814.1642,313.760598
3022,,1067,CR Transfer Incorporated,,7814.16421,313.760598
3023,,1084,Dan Copp Crushing,,7814.16929,313.7607
3024,,1124,"Burrtec Waste Industries, Inc. - Pomona",1,7814.16795,313.760673
3025,,1144,Waste Management. San Gabriel Pomona - Franchise,1,7814.1701,313.760716
3026,,2770,Whittier Fertilizer Company,4,7814.1717,313.760748
3027,,1166,"Universal Waste System, Inc.",4,7814.16421,313.760598
3028,,1184,City of Pomona Solid Waste Division,1,7814.17222,313.760759
3029,,1204,Tehachapi Landfill,,7814.1662,313.760638
3030,,1205,Bena Landfill,,7814.16783,313.760671
3031,,1224,West Valley MRF,,7814.16456,313.760605
3032,,1304,BG's Big Box Service,3,7814.1717,313.760748
3033,,1324,Kettleman Hills,,7814.17086,313.760731
3034,,1364,Torres Disposal Service,2,7814.17114,313.760737
3035,,1384,"Ware Disposal Company, Inc. - Franchise",,7814.16776,313.760669
3036,,544,"Burrtec Waste Industries, Inc. - Azusa",1,7814.16795,313.760673
3037,,1404,Olympic Disposal/Serv-West Disposal,1,7814.17166,313.760748
3038,,1424,Public Service Transfer Station #1,4,7814.16494,313.760612
3039,,1445,Specialty Bin Rental,1,7814.16739,313.760662
3040,,1464,Mid-Valley Landfill,,7814.16831,313.76068
3041,,1484,Pico Rivera MRF,4,7814.16456,313.760605
3042,,1485,Carson MRF,2,7814.1717,313.760748
3043,,1486,LA Express MRF,2,7814.1642,313.760598
3044,,1504,"Universal Waste Systems, Inc. - GDD",4,7814.16421,313.760598
3045,,1544,"R F Dickson Co., Inc.",4,7814.16494,313.760612
3046,,1564,Nu-Way Roll-Off Service,5,7814.17169,313.760748
3047,,1584,Burrtec Waste Industries - Saugus  (Franchise),5,7814.1642,313.760598
3048,,1604,Allied Waste Services - Sun Valley,5,7814.1642,313.760598
3049,,1624,Athens Sun Valley Mat. Rec. & T.S.,5,7814.16584,313.760631
3050,,1644,"Cleanup America, Inc.",1,7814.1662,313.760638
3051,,306,Van Disposal,"1, 4",7814.1642,313.760598
3052,,1684,"Adivari Disposal, Inc.",4,7814.17222,313.760759
3053,,1704,"Western Tear-Off Disposal, Inc.","1, 5",7814.16739,313.760662
3054,,1705,"Patriot Services, Inc.",4,7814.16421,313.760598
3055,,239,Waste Management/ G.I. Industries,,7814.16582,313.76063
3056,,1725,Bestway Recycling Company,2,7814.16767,313.760667
3057,,1744,"Madison Materials, Inc.",,7814.17142,313.760743
3058,,1784,City Fibers - West Valley Plant,3,7814.1717,313.760748
3059,,1786,Construction and Demolition Recycling,4,7814.16803,313.760675
3060,,1804,Durbin Landfill,1,14568597.86989,15141.857725
3061,,1824,Phelan (Sheep Creek) Transfer Station,,7814.16957,313.760706
3062,,194,Redondo Beach Transfer Station,"2, 4",7814.1642,313.760598
3063,,227,Waste Management  - Sun Valley,5,7814.16421,313.760598
3064,,244,"Nasa Service, Inc.",1,7814.1642,313.760598
3065,,264,"Consolidated Disposal Services, LLC",4,7814.16957,313.760706
3066,,456,D and S Shavings,3,7814.17142,313.760743
3067,,190,Norwalk Transfer Station,4,7814.1717,313.760748
3068,,191,Paramount Resource Recycling Facility,4,7814.16582,313.76063
3069,,344,RDS-Rivas Disposal Service,2,7814.16832,313.76068
3070,,320,JJK Roll Off,"2, 4",7814.16795,313.760673
3071,,2064,"Consolidated Disp., LLC/Republic Services (Gardena)",2,7814.16583,313.76063
3072,,2085,Chiquita Canyon Composting Facility,5,7814.16767,313.760667
3073,,2084,Bradley East Transfer Station,5,7814.16458,313.760605
3074,,453,CR & R Incorporated - Santa Fe Springs,4,7814.1642,313.760598
3075,,210,Local Rubbish Company,3,7814.1642,313.760598
3076,,211,Azteca Rubbish Control,2,7814.1701,313.760716
3077,,236,Crown Disposal,5,7814.16831516843,313.760680336495
3078,,280,City of Torrance,4,7814.1642,313.760598
3079,,316,Perez Disposal,3,7814.16422,313.760598
3080,,339,"Metropolis Disposal, Inc.",3,7814.16739,313.760662
3081,,340,"Consolidated Disp., LLC/Republic Ser",2,7814.16583,313.76063
3082,,445,D'Angelus Disposal,1,7814.1642,313.760598
3083,,446,American Waste Industries,5,7814.16584,313.760631
3084,,465,Sunset Ranch Roll-Off Service,1,7814.16803,313.760675
3085,,466,Global Resources,4,7814.1642,313.760598
3086,,704,Simi Valley Landfill & Recycling Center,,7814.1701,313.760716
3201,054-197-415,1932,ES Schultz,2,2471788.59671,6708.654112
3202,084-157-437,1896,Celery Dump,2,7814.1674,313.760662
3203,054-237-432,1936,Fred Theriot Dump,4,416237.53391,2936.706156
3204,024-197-346,1966,K & S Rubbish,4,7814.16457,313.760605
3205,084-157-448,1929,El Segundo City Dump,2,7814.1642,313.760598
3206,174-157-699,2000,Pendleton Dump,5,654301.95714,3483.242577
3207,024-197-343,2058,Woolner Oil Co,4,7814.16884,313.760691
3208,054-237,2158,Louis Curtis Co.,4,312890.89584,2769.308124
3209,264-077-790,1948,Gilmour Mud Sump,5,367456.99901,2834.763444
3210,114-197-574,2047,Vernon City Dump,4,7814.16902,313.760694
3211,114-197-587,1904,Clifford L Bush,4,7814.16739,313.760662
3213,,166,American Waste Industries,5,7814.16847278648,313.760683504995
3214,,170,California Waste Services LLC,2,7814.17114,313.760737
3215,,171,City of Inglewood Transfer Station,2,7814.16457,313.760605
3216,,172,City of Irwindale Limited Transfer Station,1,7814.16958,313.760706
3521,,173,City of San Fernando Svts,3,7814.16611,313.760636
3522,,174,City of San Gabriel Disposal,1,7814.16848,313.760684
3523,,175,Santa Monica Community Recycling Center,3,7814.16583,313.76063
3524,,177,"Community Recycling / Resource Recovery, Inc.",5,7814.16775,313.760669
3525,,186,"Falcon Refuse Center, Inc.",4,7814.16745,313.760663
3526,,188,H&c Disposal Company,2,7814.16847,313.760684
3527,,189,Innovative Waste Control,4,7814.17114,313.760737
3528,,192,Pebbly Beach (Avalon) Disposal Site (TS),4,7814.16884,313.760691
3529,,204,Salt Lake Transfer Station,4,7814.16583,313.760631
3530,,257,E. S. Schultz,1,7814.16494,313.760612
3531,,367,"City of Lancaster Maintenance Yard, Mvts",5,7814.16795,313.760673
3532,,370,"Looney Bins, INC. / East Valley Diversion",5,7814.17142,313.760743
3533,,460,"City of Pomona Utility Services, Inc.",1,7814.16456,313.760605
3534,,644,Community Recycling,5,7814.16619422764,313.760637749196
3535,,968,City of Pasadena Public Works Lvts,5,7814.16848,313.760684
3536,,1004,Randfam/Rent-a-Bin,3,7814.16795,313.760673
3537,,1344,LA County Public Works Road Maintenance 553,5,7814.16457,313.760605
3538,,1724,Allan Company - Santa Monica,3,7814.16795,313.760673
3539,TS,1726,Mission Recycling/West Coast Recycling,1,7814.1677556581,313.760669097475
3540,,1785,City Fibers - LA Plant No. 2,3,7814.16795,313.760673
3541,,1787,City of Inglewood T.S.,2,7814.16457,313.760605
3544,204-157-751,2186,Ledger #2,3,98890.09506,1405.252805
3545,,2196,MGM Dump,2,667917.70029,3344.482231
3546,144-317-966,2211,Floyd Bunnel,5,708817.4563,3595.13262
3547,234-117-204,2213,Neely's Mud Sump,5,7814.16795,313.760673
3548,054-197-401,2254,Southwest Steel Rolling Mills #1,2,96778.26028,1554.136867
3841,,2344,Mesquite Regional Landfill,,247295225.08199,68563.833082
3842,,2104,I-V Disposal Roll Off Service,5,7814.69634,313.772047
3843,144-277,2264,Peck Road Gravel Pit (Engineered Fill),"1, 5",3663960.35432,8305.670093
4481,,2124,Lopez Canyon Environmental Center,1,7814.1642,313.760598
4482,,2086,Pebbly Beach Composing Facility,4,7814.1642,313.760598
4801,<Null>,2424,Triangle Pit,1,536921.78271,3074.246601
4802,42150101,2444,Antelope Valley Recycling and Disposal Facility (Combined),5,8060763.83631,13540.177049
5121,054-197-411,2484,L.A. County Sanitation District 1 Landfill #3,2,169500.38429,1718.958012
5441,TS,2504,EDCO Recycling and Transfer,4,7814.17142,313.760743
5442,TS,2526,Mission Recycling/West Coast Recycling,1,7814.16583,313.760631
5443,Franchise,724,Athens Services (Waste Hauler),1,7814.1717,313.760748
5444,Franchise,458,C R & R Incorporated - Stanton,,7814.17113,313.760737
5445,FranchiseGDD,331,"Ware Disposal Company, Inc.",,7814.18354,313.760986
5761,TS,2524,Western District Satellite Yard,2,7814.1677556581,313.760669097475
5764,TS,2544,AV Equipment Rental,5,7814.16776,313.760669
5765,WH,2506,Bins Bins Bins,5,7814.17114,313.760737
5766,Compost,2525,Agromin Premium Soil Products,5,7814.16795,313.760673
5767,Comp,2584,Recycled Wood Products,1,7814.16776,313.760669
5768,,2585,Beneficial Ag. Services,,7814.17223,313.760759
5770,OofC LF,2604,Cold Canyon Landfill,,7814.1642,313.760598
6081,TS,2644,American Reclamation CDI Processing Facility,1,7814.16831516843,313.760680336495
6082,,2586,RJs Alondra Chipping and Grinding Operation,2,7814.1701,313.760716
6401,,2782,Active Recycling Material Recovery Facility & TS,2,7814.16901,313.760694
6402,054-157-385,144,American Waste Transfer Station,2,7814.16776,313.760669
6403,,2764,"Cal Blends, Inc.",1,7814.16228,313.760559
6404,,2765,"Foothill Soils, Inc.",5,7814.16457,313.760605
6405,,2766,"GS Brothers, Inc.",2,7814.16795,313.760673
6406,,2767,"GWS, Inc.",4,7814.17113,313.760737
6407,,2768,Harbor Mulching Facility,4,7814.1642,313.760598
6408,,2769,"MB Landscaping and Nursery, Inc.",2,7814.1717,313.760748
6409,,1164,United Pacific Waste,4,7814.17169,313.760748
6721,,2771,American Reclamation Chipping & Grinding,1,7814.16831516843,313.760680336495
6722,,2772,Burbank Green Waste Transfer Operation,5,7814.16847,313.760684
6723,,2773,"Evergreen Recycling, Inc.",2,7814.1642,313.760598
6724,,2774,Gardeners Community Service,3,7814.16738,313.760662
7041,,2775,"Greencycle, Inc.",4,7814.1717,313.760748
7042,,2124,Lopez Canyon Environmental Center,5,7814.1642,313.760598
7043,,2776,"North Hills Recycling, Inc.",3,7814.16421,313.760598
7044,,2777,Norwalk Industries Green Waste Operation,4,7814.16949,313.760704
7045,,2778,"Ornelas Wood Recovery, Inc.",5,7814.16794,313.760673
7046,,2779,Pomona Municipal Direct Chipping & Grinding Operation,1,7814.1662,313.760638
7047,,2780,Rent-a-Bin (Chipping & Grinding Operation),5,7814.16795,313.760673
7048,,2781,RJ's Chipping & Grinding Operation,2,7814.1642,313.760598
7049,,2728,"Aguinaga Green, Inc. (or Baker Canyon Green Recycling)",,7814.1693,313.7607
7050,,2729,"California Bio-Mass, Inc.",,7814.16929,313.7607
7051,,2730,Coachella Valley Composting Facility,,7814.16929,313.7607
7052,,2732,Greenways of Placentia,,7814.16929,313.7607
7053,,2733,Inland Empire Regional Composting Facility,,7814.1717,313.760748
7054,,2734,La Pata Avenue Greenwaste Facility,,7814.16929,313.7607
7055,,2735,"M.B. Organics, Inc. Galway",,7814.16929,313.7607
7056,,2736,"Mission Landscape Services, Inc.",,7814.16929,313.7607
7361,,2737,Nursery Products Hawes Composting Facility,,7814.1693,313.7607
7362,,2738,One Stop Landscape Supply Center,,7814.16929,313.7607
7363,,2739,"Orange County Composting, LLC",,7814.16929,313.7607
7364,,2740,Southern California Landscape Supply,,7814.1693,313.7607
7365,,2864,Temescal Canyon Compost Facility,,7814.1693,313.7607
7366,,2741,Tierra Verde Industries EcoCentre,,7814.16929,313.7607
7367,,2324,Victor Valley Regional Composting Facility (American Organics),,7814.1693,313.7607
7368,,2742,"A. Lua Recycling, Inc.",,7814.16929,313.7607
7369,,2743,"Agriscape, Inc.",,7814.1693,313.7607
7370,,2744,"B.P. John Recycling, Inc.",,7814.1693,313.7607
7371,,2747,"Imperial Western Products, Inc.",,7814.1693,313.7607
7372,,2748,Rios Recycling,,7814.16929,313.7607
7373,,2749,Stanton Green Materials Recycling Facility,,7814.16929,313.7607
7374,,2750,TVI Agua Chinon Chipping & Grinding Operation,,7814.1693,313.7607
7375,,2751,Advance Disposal Company & Recycling Center,,7814.16929,313.7607
7376,,2753,Edom Hill Transfer Station,,7814.1693,313.7607
7681,,2754,Inland Regional Material Recovery Facility & Transfer Station,,7814.1693,313.7607
7682,,2755,Moreno Valley Solid Waste R&T Facility,,7814.1693,313.7607
7683,,2756,Perris Transfer Station and Material Recovery Facility,,7814.1693,313.7607
7684,,2757,Prima Deshecha Material Recovery Facility,,7814.16929,313.7607
7685,,2758,"Rainbow Transfer & Recycling Company, Inc.",,7814.16929,313.7607
7686,,2759,Robert A. Nelson Transfer Station & Material Recovery Facility,,7814.16929,313.7607
7687,,2760,Southern California Recycling,,7814.1693,313.7607
7688,,2761,Sunset Environmental Transfer Station,,7814.16929,313.7607
7689,,2325,Waste Management of Orange,,7814.16929,313.7607
7690,,2762,Waste Management of Orange (LVTS),,7814.16929,313.7607
7691,,2709,El Corazon Compost,,7814.1693,313.7607
7692,,2710,Evergreen Nursery,,7814.1693,313.7607
7693,,2711,Evergreen Nursery,,7814.16929,313.7607
7694,,2712,Miramar Greenery,,7814.16929,313.7607
7695,,2713,Amswede Organic Recycling,,7814.16929,313.7607
7696,,2714,Inland Pacific R.R. Slaughterhouse Yard,,7814.16929,313.7607
8001,,2718,Otay Landfill,,7814.16929,313.7607
8002,,2720,EDCO Transfer Station,,7814.1693,313.7607
8003,,2721,EDCO Station,,7814.16929,313.7607
8004,,2722,Escondido Disposal,,7814.16929,313.7607
8005,,2723,Fallbrook Recycling and Transfer,,7814.1693,313.7607
8006,,2724,"Palomar Transfer Station, Inc.",,7814.16929,313.7607
8007,,2725,Ramona MRF And Transfer Station,,7814.1693,313.7607
8008,,2727,Waste Management of San Diego,,7814.1693,313.7607
8009,,2704,Agromin Organics Recycling,,7814.16929,313.7607
8010,,2705,Ojai Valley Organics,,7814.1693,313.7607
8011,,2706,Peach Hill Organic Recycling,,7814.16929,313.7607
8012,,2707,Gold Coast Recycling Facility,,7814.1693,313.7607
8321,,2904,Glendale Recycling Center,5,7814.16831516843,313.760680336495
8322,TS,309,"American Reclamation, Inc.","1, 5",7814.16456086849,313.760604982545
8323,,3445,Recology Los Angeles,5,7814.16831516843,313.760680336495
8324,,4164,"Crown Recycling Services, LLC",5,7814.16831516843,313.760680336495
8325,,2664,Potential Industries,4,7814.16419843692,313.760597687136
8326,,3168,Universal Waste Systems Inc. DTF,1,7814.16738749292,313.760661708814
8641,,1664,"Benny's Disposal Service, Inc.",1,7814.17113601429,313.760736964664
8642,144-357,235,CR & R Incorporated - Pinon Hills,,7814.16678445213,313.760649637976
8643,,1444,Frank's Disposal,4,7814.16493478976,313.760612461878
8644,,3624,Republic Services Anaheim,,7814.16420693616,313.760597865402
8645,,3625,R Big Continental,3,7814.16037279289,313.760520899009
8646,,3626,Rancho Disposal Service,,7814.17169561456,313.760748208533
8647,TS,3627,Pomona Valley Transfer Station,1,7814.1677556581,313.760669097475
8648,,274,City of Culver City (Waste Hauler),2,7814.1677556581,313.760669097475
8649,,3865,H. M. Holloway,,7814.16783336537,313.760670668431
